                  epoch,         train/box_loss,         train/cls_loss,         train/dfl_loss,   metrics/precision(B),      metrics/recall(B),       metrics/mAP50(B),    metrics/mAP50-95(B),           val/box_loss,           val/cls_loss,           val/dfl_loss,                 lr/pg0,                 lr/pg1,                 lr/pg2
                      1,                 1.3087,                 2.9483,                  1.578,                  0.041,                0.30899,                0.06834,                0.02903,                 1.6609,                 31.191,                 2.0284,              0.0003125,              0.0003125,              0.0003125
                      2,                 1.6651,                 2.7727,                 1.8878,                0.00843,                0.34898,                 0.0056,                0.00188,                    nan,                    nan,                    nan,             0.00063434,             0.00063434,             0.00063434
                      3,                 1.7774,                 2.7457,                 1.9729,                0.00033,                0.03922,                0.00019,                  5e-05,                    nan,                    nan,                    nan,             0.00095297,             0.00095297,             0.00095297
                      4,                   1.79,                 2.6935,                 1.9846,                0.00033,                0.03922,                0.00019,                  5e-05,                    nan,                    nan,                    nan,              0.0012314,              0.0012314,              0.0012314
                      5,                 1.9078,                 2.8436,                 2.1064,                  9e-05,                0.00735,                  4e-05,                  2e-05,                    nan,                    nan,                    nan,              0.0012252,              0.0012252,              0.0012252
                      6,                  1.866,                 2.7094,                 2.0207,                0.67008,                0.00735,                0.00142,                0.00034,                    nan,                    nan,                    nan,              0.0012191,              0.0012191,              0.0012191
                      7,                 1.7398,                 2.6511,                 1.9489,                0.00112,                0.11029,                0.00092,                0.00029,                 3.8014,                    nan,                 113.47,              0.0012129,              0.0012129,              0.0012129
                      8,                 1.8467,                 2.6575,                 2.0148,                0.02243,                0.03607,                 0.0064,                0.00284,                 3.8898,                 7.4252,                 6.3991,              0.0012067,              0.0012067,              0.0012067
                      9,                 1.7705,                 2.5595,                 1.9152,                0.00509,                 0.0917,                0.00254,                0.00093,                 4.1803,                    inf,                 25.251,              0.0012005,              0.0012005,              0.0012005
                     10,                 1.6771,                 2.5574,                 1.8713,                0.13307,                0.39461,                0.12177,                0.05219,                 1.8748,                 3.4002,                 2.1808,              0.0011943,              0.0011943,              0.0011943
                     11,                  1.662,                 2.4595,                 1.8563,                0.11922,                0.43023,                0.10127,                0.03999,                 1.9959,                 3.8262,                 2.3612,              0.0011881,              0.0011881,              0.0011881
                     12,                 1.7034,                  2.488,                 1.8929,                0.06248,                0.47683,                0.04907,                   0.02,                 2.0676,                 60.646,                 2.2974,              0.0011819,              0.0011819,              0.0011819
                     13,                 1.5642,                 2.3753,                 1.8245,                0.13306,                0.37473,                0.16895,                0.07372,                 1.8507,                 3.2874,                 2.2241,              0.0011757,              0.0011757,              0.0011757
                     14,                  1.599,                 2.3636,                 1.8317,                0.14481,                0.35004,                 0.1226,                0.04878,                   1.96,                 4.1728,                 2.2624,              0.0011696,              0.0011696,              0.0011696
                     15,                  1.616,                 2.3364,                 1.8094,                0.16771,                0.31857,                0.15484,                0.06688,                 1.8989,                 2.6739,                 2.1484,              0.0011634,              0.0011634,              0.0011634
                     16,                 1.5578,                  2.243,                 1.7626,                0.17615,                0.32395,                0.15946,                0.06068,                 1.9739,                 2.8359,                 2.2013,              0.0011572,              0.0011572,              0.0011572
                     17,                 1.5778,                 2.3829,                 1.7907,                0.12634,                0.29092,                0.16498,                0.06937,                  1.819,                 3.2551,                 2.1102,               0.001151,               0.001151,               0.001151
                     18,                 1.5326,                 2.2741,                  1.766,                0.22258,                 0.3295,                0.19577,                0.08553,                 1.7451,                 2.7635,                 2.0347,              0.0011448,              0.0011448,              0.0011448
                     19,                  1.535,                 2.2522,                  1.754,                0.17732,                0.15602,                 0.1267,                0.05338,                 1.8651,                 2.8237,                 2.1245,              0.0011386,              0.0011386,              0.0011386
                     20,                 1.5237,                 2.2859,                 1.7231,                0.15956,                0.52038,                  0.198,                0.09215,                 1.8806,                 2.7509,                 2.1097,              0.0011324,              0.0011324,              0.0011324
                     21,                 1.4984,                 2.2579,                 1.7163,                0.31954,                0.27148,                0.18657,                0.09252,                  1.751,                 2.5818,                 2.0078,              0.0011263,              0.0011263,              0.0011263
                     22,                  1.468,                 2.1967,                 1.7111,                0.17019,                0.40413,                0.21069,                0.10387,                 1.8364,                 2.6129,                 2.1374,              0.0011201,              0.0011201,              0.0011201
                     23,                 1.4855,                 2.2195,                 1.7362,                0.26614,                0.47508,                0.25611,                0.12482,                 1.7593,                 2.5847,                 2.0168,              0.0011139,              0.0011139,              0.0011139
                     24,                 1.4647,                 2.1366,                 1.7087,                0.18225,                0.45193,                 0.2367,                0.11207,                 1.7031,                 2.7141,                 2.0265,              0.0011077,              0.0011077,              0.0011077
                     25,                 1.4725,                 2.1777,                  1.734,                   0.21,                0.37936,                0.26081,                0.14096,                 1.5729,                 2.4598,                 1.8836,              0.0011015,              0.0011015,              0.0011015
                     26,                 1.3834,                 2.1284,                 1.6772,                0.26853,                0.35086,                0.25564,                0.12646,                 1.7051,                 2.8729,                 1.9989,              0.0010953,              0.0010953,              0.0010953
                     27,                 1.3949,                 2.1156,                 1.6718,                0.22195,                0.41604,                0.25062,                0.12637,                   1.71,                 2.5858,                 2.0787,              0.0010891,              0.0010891,              0.0010891
                     28,                 1.3905,                 2.1572,                 1.6944,                0.24056,                0.44069,                0.24979,                0.10768,                 1.7736,                 2.4654,                 2.1211,              0.0010829,              0.0010829,              0.0010829
                     29,                 1.4054,                 2.0648,                 1.6895,                0.23044,                0.38789,                 0.2646,                0.12495,                 1.7301,                 2.4288,                 2.0172,              0.0010768,              0.0010768,              0.0010768
                     30,                 1.4281,                 2.1097,                  1.736,                0.26309,                0.41057,                0.26128,                0.13363,                 1.6436,                  2.415,                 1.9525,              0.0010706,              0.0010706,              0.0010706
                     31,                 1.3615,                 1.9826,                 1.6516,                0.29034,                0.33068,                0.23726,                0.11466,                 1.7664,                  2.398,                 2.0135,              0.0010644,              0.0010644,              0.0010644
                     32,                 1.3513,                 2.0288,                  1.634,                 0.3237,                 0.3413,                0.26282,                0.13572,                 1.5861,                 2.4441,                 1.8983,              0.0010582,              0.0010582,              0.0010582
                     33,                 1.3533,                 1.9739,                 1.6464,                0.32008,                0.36732,                0.29082,                 0.1454,                 1.7648,                 2.4624,                 2.0968,               0.001052,               0.001052,               0.001052
                     34,                  1.366,                 1.9409,                 1.6424,                0.27815,                 0.5122,                0.29553,                0.14414,                 1.6992,                 2.6006,                 2.0408,              0.0010458,              0.0010458,              0.0010458
                     35,                 1.3628,                 1.9162,                 1.6578,                0.29675,                0.35095,                 0.2639,                0.12731,                  1.745,                 2.4175,                 2.0263,              0.0010396,              0.0010396,              0.0010396
                     36,                 1.3095,                 1.8938,                 1.6175,                0.35764,                0.36531,                0.29384,                0.15277,                 1.6299,                 2.2947,                 1.9902,              0.0010334,              0.0010334,              0.0010334
                     37,                  1.336,                 1.9344,                 1.6398,                0.33865,                0.38366,                0.29121,                0.15105,                 1.6756,                 2.3346,                 2.0225,              0.0010273,              0.0010273,              0.0010273
                     38,                 1.3745,                 1.9549,                  1.646,                0.33846,                0.34277,                0.28827,                0.13582,                 1.7511,                 2.4831,                 2.0478,              0.0010211,              0.0010211,              0.0010211
                     39,                 1.3385,                  1.964,                 1.6112,                0.33985,                0.47482,                0.31588,                0.16938,                 1.5762,                 2.2968,                 1.9194,              0.0010149,              0.0010149,              0.0010149
                     40,                   1.29,                 1.8754,                 1.5867,                 0.3816,                0.41932,                0.31364,                0.15094,                 1.6037,                 2.2492,                  1.957,              0.0010087,              0.0010087,              0.0010087
                     41,                 1.2771,                 1.8997,                 1.6189,                0.34885,                0.34749,                0.26664,                0.14036,                 1.6963,                 2.5413,                 2.0207,              0.0010025,              0.0010025,              0.0010025
                     42,                 1.2509,                 1.8633,                 1.5772,                0.36564,                0.37375,                0.32543,                0.16789,                 1.6435,                 2.2274,                 1.9961,             0.00099631,             0.00099631,             0.00099631
                     43,                 1.2568,                 1.8885,                 1.5725,                 0.3231,                0.44942,                 0.3245,                 0.1724,                 1.6524,                 2.2667,                 1.9565,             0.00099013,             0.00099013,             0.00099013
                     44,                  1.258,                 1.8289,                 1.5672,                0.36972,                 0.3708,                0.34185,                0.18363,                 1.6508,                  2.233,                 1.9375,             0.00098394,             0.00098394,             0.00098394
                     45,                 1.2333,                 1.8113,                 1.5526,                0.36834,                0.44112,                0.35106,                0.19508,                 1.6208,                 2.3261,                 1.9578,             0.00097775,             0.00097775,             0.00097775
                     46,                 1.2818,                 1.8462,                 1.5836,                0.31696,                 0.4193,                0.32589,                0.17727,                 1.5443,                 2.1995,                 1.8608,             0.00097156,             0.00097156,             0.00097156
                     47,                 1.2036,                 1.7538,                 1.5343,                0.38019,                0.34395,                0.31658,                0.16258,                 1.7187,                 2.4369,                  2.046,             0.00096537,             0.00096537,             0.00096537
                     48,                 1.2893,                  1.837,                 1.6012,                0.44257,                 0.3719,                0.31857,                0.17132,                 1.7111,                 2.5054,                 2.0033,             0.00095919,             0.00095919,             0.00095919
                     49,                 1.2676,                 1.7638,                 1.5649,                0.39438,                0.36695,                0.30938,                0.16381,                 1.6445,                 2.2848,                 1.9557,               0.000953,               0.000953,               0.000953
                     50,                 1.2216,                 1.8047,                 1.5547,                0.39326,                0.32059,                0.30803,                0.16373,                 1.6618,                 2.2679,                 1.9778,             0.00094681,             0.00094681,             0.00094681
                     51,                 1.1828,                 1.7114,                 1.4984,                0.30275,                0.39168,                0.30513,                0.16805,                 1.7024,                 2.2517,                 1.9695,             0.00094062,             0.00094062,             0.00094062
                     52,                 1.2074,                 1.7118,                 1.5251,                0.38624,                0.46162,                0.40152,                0.21746,                 1.6083,                 2.1124,                 1.9469,             0.00093444,             0.00093444,             0.00093444
                     53,                 1.2237,                 1.7314,                 1.5462,                0.53277,                 0.3086,                0.35854,                0.17844,                   1.68,                 2.2305,                  2.006,             0.00092825,             0.00092825,             0.00092825
                     54,                 1.1943,                 1.6501,                 1.5233,                0.32185,                0.47363,                0.36294,                0.19887,                 1.5845,                 2.1958,                 1.9178,             0.00092206,             0.00092206,             0.00092206
                     55,                 1.1719,                 1.6663,                 1.5213,                 0.4673,                0.37891,                0.38142,                  0.201,                 1.6562,                 2.1305,                  1.974,             0.00091588,             0.00091588,             0.00091588
                     56,                  1.228,                  1.694,                 1.5407,                0.44594,                  0.363,                0.36067,                 0.2092,                 1.5792,                  2.223,                 1.9144,             0.00090969,             0.00090969,             0.00090969
                     57,                 1.1664,                 1.6273,                 1.5231,                0.37709,                0.41027,                0.31646,                0.17492,                 1.6362,                 2.2909,                 1.9682,              0.0009035,              0.0009035,              0.0009035
                     58,                 1.1605,                  1.631,                 1.4918,                0.38527,                 0.4545,                0.32964,                0.18343,                 1.6042,                 2.1078,                 1.9354,             0.00089731,             0.00089731,             0.00089731
                     59,                 1.1507,                 1.6354,                 1.4986,                0.39467,                0.40149,                 0.3373,                0.18898,                 1.5651,                 2.1846,                 1.9409,             0.00089112,             0.00089112,             0.00089112
                     60,                 1.1454,                 1.5969,                 1.5165,                0.52562,                0.30476,                 0.3544,                0.19554,                 1.6069,                 2.2726,                 1.9256,             0.00088494,             0.00088494,             0.00088494
                     61,                 1.1612,                 1.5445,                 1.4731,                0.45758,                0.40472,                0.40108,                0.21879,                 1.5925,                 2.0974,                 1.9348,             0.00087875,             0.00087875,             0.00087875
                     62,                 1.1186,                 1.5681,                 1.4651,                0.36934,                0.37891,                0.32346,                0.16933,                 1.6739,                 2.2065,                 2.0184,             0.00087256,             0.00087256,             0.00087256
                     63,                 1.1626,                 1.5201,                 1.4897,                0.37632,                0.31921,                0.32812,                0.17524,                 1.6066,                  2.268,                 1.9441,             0.00086637,             0.00086637,             0.00086637
                     64,                 1.1838,                 1.5904,                  1.517,                0.43995,                0.33609,                0.33859,                0.16784,                 1.6789,                 2.2582,                 2.0085,             0.00086019,             0.00086019,             0.00086019
                     65,                 1.1177,                 1.5406,                 1.4618,                0.42651,                0.41267,                0.39641,                0.22173,                 1.6102,                 2.2214,                 1.9253,               0.000854,               0.000854,               0.000854
                     66,                  1.116,                 1.4921,                 1.4496,                0.40386,                 0.4165,                0.34252,                0.19475,                 1.6729,                 2.2345,                 2.0082,             0.00084781,             0.00084781,             0.00084781
                     67,                 1.1032,                 1.4814,                 1.4334,                 0.4018,                0.46765,                0.37801,                0.20517,                 1.5448,                 2.1213,                 1.8966,             0.00084162,             0.00084162,             0.00084162
                     68,                 1.1136,                  1.582,                 1.4742,                0.48669,                0.39127,                 0.4021,                0.23244,                 1.5494,                 2.0605,                 1.8845,             0.00083544,             0.00083544,             0.00083544
                     69,                 1.0915,                 1.4459,                 1.4392,                0.48727,                0.43388,                0.42232,                0.23868,                 1.5862,                 2.0853,                  1.942,             0.00082925,             0.00082925,             0.00082925
                     70,                 1.0824,                 1.4269,                 1.4316,                0.51468,                 0.4078,                0.40558,                0.21801,                   1.62,                 2.0858,                 1.9486,             0.00082306,             0.00082306,             0.00082306
                     71,                 1.0669,                 1.4082,                 1.4122,                0.46543,                0.46819,                0.41557,                0.23091,                 1.5185,                  2.154,                 1.8907,             0.00081688,             0.00081688,             0.00081688
                     72,                 1.0645,                 1.3908,                 1.3958,                0.47776,                0.42117,                0.43258,                0.24677,                 1.5488,                 2.0556,                 1.8809,             0.00081069,             0.00081069,             0.00081069
                     73,                  1.058,                 1.3738,                 1.4128,                0.53493,                0.36817,                0.40683,                0.21699,                 1.6003,                 2.2026,                 1.9512,              0.0008045,              0.0008045,              0.0008045
                     74,                 1.0796,                 1.4001,                 1.4397,                0.41227,                0.43124,                0.37418,                0.21814,                 1.5888,                  2.268,                 1.9368,             0.00079831,             0.00079831,             0.00079831
                     75,                 1.0581,                 1.4249,                   1.43,                0.55126,                0.39685,                0.43925,                0.23207,                 1.6036,                 2.1032,                 1.9619,             0.00079213,             0.00079213,             0.00079213
                     76,                 1.0283,                 1.3614,                 1.3917,                0.50685,                0.38174,                0.39167,                0.22494,                 1.6621,                 2.1337,                 1.9888,             0.00078594,             0.00078594,             0.00078594
                     77,                 1.0463,                 1.3702,                 1.4046,                0.51595,                0.33321,                0.34809,                0.20527,                 1.6664,                 2.3453,                 2.0084,             0.00077975,             0.00077975,             0.00077975
                     78,                 1.0578,                 1.3962,                  1.407,                0.45232,                0.38317,                0.34489,                0.17968,                 1.7118,                 2.1701,                  2.036,             0.00077356,             0.00077356,             0.00077356
                     79,                 1.0615,                 1.3676,                  1.402,                0.39411,                0.43356,                0.35773,                0.19678,                    1.6,                 2.1385,                 1.9702,             0.00076738,             0.00076738,             0.00076738
                     80,                 1.0681,                 1.4163,                 1.4305,                0.44945,                0.42258,                 0.3974,                0.22507,                 1.6654,                 2.2306,                 2.0614,             0.00076119,             0.00076119,             0.00076119
                     81,                 1.0532,                 1.3773,                  1.416,                0.40552,                0.39912,                0.32986,                0.18922,                 1.5893,                 2.1188,                 1.9497,               0.000755,               0.000755,               0.000755
                     82,                 1.0379,                 1.3331,                 1.4006,                0.38813,                0.47974,                0.39334,                0.22322,                 1.5976,                 2.0582,                 1.9438,             0.00074881,             0.00074881,             0.00074881
                     83,                0.99494,                 1.2771,                 1.3445,                0.64728,                0.33437,                0.39216,                0.22708,                 1.6328,                 2.3186,                  1.991,             0.00074263,             0.00074263,             0.00074263
                     84,                 1.0161,                 1.3011,                 1.3709,                0.55044,                0.40629,                 0.4262,                0.24411,                 1.5891,                 2.1305,                 1.9393,             0.00073644,             0.00073644,             0.00073644
                     85,                 0.9885,                 1.2756,                 1.3606,                0.43921,                0.33419,                0.33919,                0.19773,                 1.5854,                 2.3275,                 1.9693,             0.00073025,             0.00073025,             0.00073025
                     86,                 1.0151,                 1.3442,                 1.3747,                 0.4695,                0.44161,                0.39418,                0.23076,                 1.6248,                 2.1164,                 2.0086,             0.00072406,             0.00072406,             0.00072406
                     87,                 1.0197,                 1.2933,                 1.3788,                0.41948,                0.41419,                0.37694,                0.22249,                 1.5863,                 2.0976,                 1.9501,             0.00071788,             0.00071788,             0.00071788
                     88,                 0.9889,                 1.2735,                 1.3655,                0.44944,                0.40582,                 0.3686,                0.18766,                 1.7182,                  2.037,                 2.0936,             0.00071169,             0.00071169,             0.00071169
                     89,                0.96444,                 1.2197,                 1.3731,                0.47765,                0.40337,                0.37618,                  0.213,                 1.5959,                 2.0978,                 1.9279,              0.0007055,              0.0007055,              0.0007055
                     90,                0.93889,                 1.2042,                 1.3287,                0.42622,                 0.4765,                0.41376,                0.22965,                 1.6625,                 2.2373,                 1.9852,             0.00069931,             0.00069931,             0.00069931
                     91,                0.95889,                 1.1879,                  1.334,                0.59544,                0.35861,                 0.4231,                0.23498,                 1.6622,                 2.0519,                 2.0413,             0.00069313,             0.00069313,             0.00069313
                     92,                0.95958,                 1.2006,                 1.3328,                0.55314,                0.41589,                0.42847,                0.25388,                 1.5668,                 2.2931,                 1.9585,             0.00068694,             0.00068694,             0.00068694
                     93,                0.93166,                 1.1892,                 1.3369,                 0.4152,                0.45732,                 0.3961,                0.22315,                 1.6433,                 2.0991,                 2.0175,             0.00068075,             0.00068075,             0.00068075
                     94,                0.92566,                 1.1813,                 1.3201,                0.39289,                0.43654,                 0.3805,                0.21944,                 1.5548,                 2.0212,                 1.9179,             0.00067456,             0.00067456,             0.00067456
                     95,                0.95654,                  1.233,                 1.3304,                0.43959,                0.46273,                0.41448,                0.23705,                 1.5891,                 2.0965,                  1.914,             0.00066838,             0.00066838,             0.00066838
                     96,                0.95921,                 1.2111,                 1.3403,                0.48332,                0.48583,                0.40436,                0.23116,                 1.6385,                 2.0739,                 2.0204,             0.00066219,             0.00066219,             0.00066219
                     97,                0.93525,                 1.1539,                 1.3248,                0.37277,                0.43682,                0.34428,                0.20366,                 1.5988,                 2.1589,                 1.9821,               0.000656,               0.000656,               0.000656
                     98,                0.95011,                 1.1623,                 1.3306,                0.46203,                0.49401,                0.42349,                0.25839,                 1.5361,                 2.0337,                 1.9142,             0.00064981,             0.00064981,             0.00064981
                     99,                0.93496,                 1.1263,                 1.3143,                0.36217,                0.47044,                0.39121,                0.23177,                 1.5772,                  2.093,                 1.9486,             0.00064362,             0.00064362,             0.00064362
                    100,                0.91946,                 1.1309,                 1.3008,                  0.576,                0.38014,                 0.4398,                 0.2706,                 1.5582,                 2.1543,                 1.9494,             0.00063744,             0.00063744,             0.00063744
                    101,                  0.918,                 1.0973,                 1.2997,                0.44069,                 0.4283,                0.38111,                0.22332,                 1.6447,                 2.2805,                 2.0184,             0.00063125,             0.00063125,             0.00063125
                    102,                0.89541,                 1.1393,                 1.2933,                0.49208,                0.40113,                0.37399,                0.22058,                 1.6901,                 2.1287,                 2.0882,             0.00062506,             0.00062506,             0.00062506
                    103,                0.88247,                 1.0625,                 1.2768,                0.47158,                0.37441,                0.37517,                0.21673,                  1.612,                 2.1287,                  1.987,             0.00061887,             0.00061887,             0.00061887
                    104,                0.88472,                 1.1258,                 1.3047,                 0.4454,                  0.502,                0.44191,                0.25745,                 1.5627,                  2.083,                  1.937,             0.00061269,             0.00061269,             0.00061269
                    105,                0.88201,                 1.0978,                 1.2809,                0.41928,                0.48124,                0.39037,                0.22866,                 1.5977,                 2.1591,                 1.9542,              0.0006065,              0.0006065,              0.0006065
                    106,                0.88078,                 1.0214,                 1.2677,                0.60792,                0.40149,                0.43971,                0.24632,                 1.5937,                 2.0743,                 1.9546,             0.00060031,             0.00060031,             0.00060031
                    107,                0.89735,                 1.0927,                 1.2955,                0.51644,                 0.4157,                0.41154,                0.23449,                  1.654,                  2.325,                 1.9845,             0.00059413,             0.00059413,             0.00059413
                    108,                0.86085,                 1.0612,                 1.2668,                0.51385,                0.45704,                0.45416,                0.26305,                  1.636,                 2.2049,                 2.0123,             0.00058794,             0.00058794,             0.00058794
                    109,                0.87802,                 1.1005,                 1.3152,                0.46799,                0.48766,                 0.4438,                0.25639,                 1.5893,                 2.0362,                 1.9639,             0.00058175,             0.00058175,             0.00058175
                    110,                0.84241,                 1.0246,                 1.2535,                0.45501,                0.43712,                0.41448,                0.24986,                 1.6248,                 2.2349,                 1.9884,             0.00057556,             0.00057556,             0.00057556
                    111,                0.86991,                 1.0689,                 1.2802,                0.61508,                0.39955,                0.44619,                0.26989,                  1.646,                 2.1031,                 2.0027,             0.00056938,             0.00056938,             0.00056938
                    112,                0.86666,                0.98758,                 1.2709,                0.51521,                0.44511,                0.43603,                0.25934,                 1.6165,                  2.081,                  2.023,             0.00056319,             0.00056319,             0.00056319
                    113,                0.85396,                 1.0115,                 1.2732,                0.58345,                0.35679,                0.40305,                0.23263,                 1.6416,                 2.1065,                 2.0421,               0.000557,               0.000557,               0.000557
                    114,                 0.8443,                0.97356,                 1.2545,                0.64237,                0.40821,                0.45435,                0.27438,                 1.5827,                 2.0495,                 1.9908,             0.00055081,             0.00055081,             0.00055081
                    115,                0.84854,                0.98221,                 1.2631,                0.49885,                0.43811,                 0.4299,                0.26224,                 1.6163,                 2.0328,                 2.0267,             0.00054463,             0.00054463,             0.00054463
                    116,                0.84043,                0.98282,                 1.2607,                0.36824,                0.49501,                0.41805,                0.24938,                 1.5843,                 2.2853,                 1.9707,             0.00053844,             0.00053844,             0.00053844
                    117,                0.81803,                0.94233,                 1.2339,                0.45259,                0.45356,                0.39593,                0.23831,                  1.682,                 2.2804,                 2.0829,             0.00053225,             0.00053225,             0.00053225
                    118,                0.82713,                0.96733,                 1.2514,                0.50595,                0.44278,                0.45748,                0.26637,                 1.6624,                 2.0159,                 2.0677,             0.00052606,             0.00052606,             0.00052606
                    119,                0.80347,                0.94949,                 1.2361,                0.57578,                0.37794,                0.42227,                0.23225,                 1.7102,                 2.1041,                 2.0894,             0.00051988,             0.00051988,             0.00051988
                    120,                0.81462,                0.92449,                 1.2131,                0.52887,                0.43328,                0.44111,                0.26533,                 1.6616,                 2.3476,                 2.0166,             0.00051369,             0.00051369,             0.00051369
                    121,                0.80032,                0.92878,                 1.2293,                 0.5077,                0.42882,                0.43436,                0.26415,                 1.6066,                 2.3558,                 1.9814,              0.0005075,              0.0005075,              0.0005075
                    122,                0.80267,                0.92558,                 1.2301,                0.45765,                0.45613,                 0.4166,                0.26147,                 1.5944,                 2.3896,                  1.975,             0.00050131,             0.00050131,             0.00050131
                    123,                0.78688,                0.92702,                 1.2249,                 0.6123,                0.38606,                0.44111,                0.28936,                 1.5631,                 2.1368,                 1.9224,             0.00049513,             0.00049513,             0.00049513
                    124,                 0.7857,                0.91142,                 1.2273,                0.44752,                0.42762,                0.41377,                0.26003,                 1.6493,                 2.2975,                 2.0258,             0.00048894,             0.00048894,             0.00048894
                    125,                0.80128,                0.94583,                 1.2272,                0.47907,                0.46741,                0.42862,                0.26232,                 1.5664,                 2.1633,                  1.921,             0.00048275,             0.00048275,             0.00048275
                    126,                0.76111,                0.87019,                 1.1981,                0.60118,                0.38766,                0.41467,                0.25427,                 1.6521,                 2.3655,                 2.0487,             0.00047656,             0.00047656,             0.00047656
                    127,                0.77022,                0.88045,                  1.196,                0.55227,                 0.4184,                 0.4414,                0.27759,                 1.5792,                 2.1452,                 1.9732,             0.00047038,             0.00047038,             0.00047038
                    128,                0.78463,                0.89622,                 1.2205,                0.51376,                0.42228,                 0.4277,                0.26883,                 1.6003,                 2.2815,                 1.9875,             0.00046419,             0.00046419,             0.00046419
                    129,                0.76448,                0.86395,                 1.1927,                0.40008,                0.41389,                0.39558,                0.25831,                 1.6025,                 2.4198,                  2.019,               0.000458,               0.000458,               0.000458
                    130,                0.74783,                0.87701,                 1.1985,                0.46088,                0.39211,                 0.4006,                0.24069,                  1.558,                  2.235,                 1.9782,             0.00045181,             0.00045181,             0.00045181
                    131,                0.76142,                0.86936,                 1.2071,                0.52021,                0.39849,                0.41425,                0.25096,                 1.6014,                 2.1744,                 2.0131,             0.00044563,             0.00044563,             0.00044563
                    132,                0.74553,                0.85328,                 1.1848,                0.57112,                0.42829,                 0.4386,                0.26642,                  1.599,                 2.2819,                 1.9981,             0.00043944,             0.00043944,             0.00043944
                    133,                0.75129,                 0.8429,                 1.2038,                0.56833,                0.41617,                0.42899,                0.26342,                 1.6656,                 2.3962,                 2.0547,             0.00043325,             0.00043325,             0.00043325
                    134,                0.75254,                0.87258,                 1.2156,                 0.5391,                0.35577,                0.41964,                 0.2442,                 1.6894,                 2.2326,                 2.0831,             0.00042706,             0.00042706,             0.00042706
                    135,                0.73236,                0.83165,                 1.1716,                0.55892,                0.44357,                 0.4411,                0.26563,                 1.6369,                 2.2737,                 2.0369,             0.00042087,             0.00042087,             0.00042087
                    136,                0.73868,                0.87145,                 1.1985,                0.56043,                0.43243,                0.42184,                0.24497,                 1.6563,                 2.3161,                 2.0287,             0.00041469,             0.00041469,             0.00041469
                    137,                0.71269,                 0.8154,                 1.1705,                0.54415,                0.43271,                0.44071,                0.25425,                 1.6104,                 2.1643,                  1.975,              0.0004085,              0.0004085,              0.0004085
                    138,                0.70068,                0.79408,                 1.1678,                0.49823,                 0.4628,                0.44104,                0.27556,                 1.5571,                  2.126,                  1.945,             0.00040231,             0.00040231,             0.00040231
                    139,                0.72951,                0.79869,                 1.1619,                0.49736,                0.44311,                0.44254,                0.27362,                 1.5998,                 2.1964,                 1.9951,             0.00039613,             0.00039613,             0.00039613
                    140,                0.71424,                0.81386,                 1.1709,                 0.5117,                0.42271,                0.44094,                0.27738,                 1.6387,                 2.3095,                 2.0527,             0.00038994,             0.00038994,             0.00038994
                    141,                0.71511,                0.80165,                 1.1881,                 0.4997,                0.45943,                0.44506,                0.28166,                 1.6235,                 2.1667,                 2.0575,             0.00038375,             0.00038375,             0.00038375
                    142,                0.69378,                0.75121,                 1.1451,                0.54205,                0.47965,                0.43946,                0.27284,                 1.6894,                 2.5832,                 2.0842,             0.00037756,             0.00037756,             0.00037756
                    143,                0.70834,                0.78833,                 1.1583,                0.54096,                0.46718,                0.43646,                0.25758,                 1.7118,                 2.3136,                 2.1178,             0.00037138,             0.00037138,             0.00037138
                    144,                0.71515,                0.78935,                 1.1558,                0.58716,                0.41628,                0.43213,                0.26503,                 1.6708,                 2.4968,                 2.0751,             0.00036519,             0.00036519,             0.00036519
                    145,                0.69805,                0.78285,                 1.1582,                0.50147,                0.42098,                0.40127,                 0.2393,                 1.8281,                 2.8556,                 2.2043,               0.000359,               0.000359,               0.000359
                    146,                0.68497,                0.76137,                 1.1496,                0.60899,                0.41493,                0.45147,                0.27032,                  1.719,                 2.3243,                  2.099,             0.00035281,             0.00035281,             0.00035281
                    147,                0.67642,                 0.7438,                 1.1506,                 0.5418,                0.43065,                0.44941,                0.27754,                 1.6473,                 2.1779,                 2.0686,             0.00034663,             0.00034663,             0.00034663
                    148,                0.66528,                0.72116,                 1.1391,                0.56977,                0.44057,                0.45192,                 0.2865,                 1.7063,                 2.4094,                 2.1123,             0.00034044,             0.00034044,             0.00034044
                    149,                0.65566,                0.71936,                 1.1385,                0.50092,                0.47543,                0.46272,                0.28442,                 1.6553,                 2.2738,                  2.086,             0.00033425,             0.00033425,             0.00033425
                    150,                0.68505,                 0.7413,                  1.151,                0.57331,                0.43082,                0.45211,                0.25929,                 1.6763,                 2.2978,                 2.1111,             0.00032806,             0.00032806,             0.00032806
                    151,                0.65329,                0.73623,                 1.1308,                0.60072,                0.40358,                0.43619,                0.26551,                  1.632,                 2.2568,                 2.0754,             0.00032188,             0.00032188,             0.00032188
                    152,                0.65445,                   0.72,                 1.1282,                0.55761,                0.43697,                 0.4398,                0.25654,                 1.7148,                 2.5578,                 2.1397,             0.00031569,             0.00031569,             0.00031569
                    153,                0.67016,                0.73863,                 1.1461,                0.63902,                 0.3851,                0.44595,                0.25378,                 1.7083,                 2.3991,                 2.1429,              0.0003095,              0.0003095,              0.0003095
                    154,                0.66418,                0.75118,                 1.1369,                0.51686,                  0.413,                0.43671,                0.25596,                 1.5977,                 2.3023,                 2.0407,             0.00030331,             0.00030331,             0.00030331
                    155,                0.64572,                0.72407,                 1.1222,                0.57575,                0.39009,                0.42467,                 0.2609,                 1.5742,                 2.2891,                 2.0166,             0.00029713,             0.00029713,             0.00029713
                    156,                0.62511,                0.67352,                 1.1005,                0.59706,                0.43982,                0.47244,                0.28951,                 1.6204,                 2.1356,                 2.0715,             0.00029094,             0.00029094,             0.00029094
                    157,                 0.6745,                0.71236,                 1.1394,                0.61534,                0.42373,                0.46753,                0.27532,                 1.6073,                 2.0875,                 2.0542,             0.00028475,             0.00028475,             0.00028475
                    158,                0.62179,                0.69455,                 1.1147,                0.52569,                0.48614,                0.46361,                0.27848,                 1.6506,                 2.2066,                 2.0916,             0.00027856,             0.00027856,             0.00027856
                    159,                0.62922,                 0.6929,                 1.1139,                0.49687,                0.45047,                 0.4514,                0.27484,                  1.663,                 2.4993,                 2.1039,             0.00027237,             0.00027237,             0.00027237
                    160,                0.63687,                0.67079,                 1.1179,                0.52273,                 0.4344,                 0.4638,                 0.2884,                 1.6713,                 2.4048,                 2.1033,             0.00026619,             0.00026619,             0.00026619
                    161,                0.60204,                0.68195,                 1.1029,                0.60605,                0.42849,                0.45651,                0.28077,                 1.6521,                  2.359,                 2.0896,                0.00026,                0.00026,                0.00026
                    162,                0.63558,                0.66167,                 1.1215,                0.50121,                 0.4877,                 0.4734,                0.28542,                 1.6275,                 2.3149,                 2.0477,             0.00025381,             0.00025381,             0.00025381
                    163,                0.62525,                0.67667,                 1.1058,                0.59316,                0.46954,                0.49079,                0.31012,                 1.6296,                  2.205,                 2.0602,             0.00024762,             0.00024762,             0.00024762
                    164,                0.63057,                0.68494,                 1.1197,                0.58519,                 0.4253,                0.47541,                0.29869,                 1.6443,                 2.1263,                 2.0909,             0.00024144,             0.00024144,             0.00024144
                    165,                0.58681,                0.63293,                 1.0938,                0.52221,                0.44456,                0.45089,                0.27618,                 1.5823,                 2.2237,                 1.9992,             0.00023525,             0.00023525,             0.00023525
                    166,                0.60919,                0.63083,                 1.0895,                0.60058,                  0.446,                0.46547,                0.28789,                  1.598,                 2.2595,                 2.0339,             0.00022906,             0.00022906,             0.00022906
                    167,                0.59544,                0.62248,                 1.0855,                0.51715,                0.46474,                0.48453,                 0.2881,                 1.6297,                 2.2633,                 2.0598,             0.00022288,             0.00022288,             0.00022288
                    168,                0.60017,                0.64401,                 1.1068,                 0.5222,                0.43197,                 0.4425,                0.27711,                 1.7055,                 2.4765,                  2.123,             0.00021669,             0.00021669,             0.00021669
                    169,                0.61049,                0.65248,                 1.0971,                0.49449,                0.47545,                0.44271,                 0.2747,                 1.6899,                 2.4322,                 2.1107,              0.0002105,              0.0002105,              0.0002105
                    170,                0.58641,                0.65074,                 1.0892,                0.52718,                0.45279,                0.44606,                0.27933,                  1.634,                 2.3525,                 2.0652,             0.00020431,             0.00020431,             0.00020431
                    171,                0.58609,                0.65688,                  1.093,                0.49305,                0.44363,                0.43785,                0.27697,                 1.6316,                 2.3195,                 2.0427,             0.00019813,             0.00019813,             0.00019813
                    172,                0.58474,                0.62662,                 1.0857,                0.49393,                0.42696,                0.43744,                0.27048,                 1.6982,                 2.4207,                 2.0806,             0.00019194,             0.00019194,             0.00019194
                    173,                0.56704,                0.62093,                 1.0636,                0.54212,                0.46028,                 0.4395,                  0.267,                 1.6869,                 2.4276,                 2.1088,             0.00018575,             0.00018575,             0.00018575
                    174,                0.59093,                0.63717,                 1.1059,                0.59852,                0.44867,                0.47374,                0.28569,                 1.7023,                 2.3202,                 2.1293,             0.00017956,             0.00017956,             0.00017956
                    175,                0.57197,                0.62172,                 1.0874,                0.54738,                0.47169,                0.47208,                0.27874,                 1.7111,                 2.2314,                  2.138,             0.00017338,             0.00017338,             0.00017338
                    176,                0.57985,                0.62866,                 1.0856,                0.55275,                 0.4059,                0.44056,                0.28235,                 1.7076,                 2.4938,                 2.1298,             0.00016719,             0.00016719,             0.00016719
                    177,                0.57841,                0.62743,                 1.0829,                0.48789,                0.46916,                0.44828,                 0.2819,                 1.6779,                 2.4254,                 2.0986,               0.000161,               0.000161,               0.000161
                    178,                0.55928,                0.59939,                 1.0805,                0.54964,                0.42626,                0.46057,                 0.2875,                 1.6501,                 2.3716,                 2.0517,             0.00015481,             0.00015481,             0.00015481
                    179,                0.55982,                0.58792,                 1.0701,                0.62369,                0.42958,                0.47709,                0.29342,                 1.6661,                 2.4152,                 2.0798,             0.00014862,             0.00014862,             0.00014862
                    180,                0.55827,                0.60952,                 1.0651,                 0.5911,                0.43535,                 0.4626,                0.28004,                 1.7256,                 2.5857,                 2.1694,             0.00014244,             0.00014244,             0.00014244
                    181,                0.55348,                 0.5928,                 1.0654,                0.48005,                0.47769,                0.45055,                0.27619,                 1.7426,                 2.6053,                 2.1799,             0.00013625,             0.00013625,             0.00013625
                    182,                0.56673,                0.56917,                 1.0685,                0.66295,                0.40419,                0.45598,                0.29076,                 1.7175,                 2.4148,                 2.1719,             0.00013006,             0.00013006,             0.00013006
                    183,                0.56603,                0.60953,                 1.0711,                0.57816,                0.45363,                0.47247,                0.28107,                 1.6543,                 2.3663,                 2.0857,             0.00012387,             0.00012387,             0.00012387
                    184,                 0.5531,                0.58114,                 1.0666,                0.42285,                0.51966,                0.44914,                 0.2632,                 1.6437,                 2.3764,                 2.0919,             0.00011769,             0.00011769,             0.00011769
                    185,                0.55253,                0.58208,                 1.0724,                0.49338,                0.47653,                0.45064,                0.26638,                 1.6424,                 2.3377,                 2.0869,              0.0001115,              0.0001115,              0.0001115
                    186,                0.53967,                 0.6029,                 1.0629,                0.52112,                0.47255,                0.47657,                0.29291,                 1.6619,                 2.2585,                 2.0925,             0.00010531,             0.00010531,             0.00010531
                    187,                0.52075,                0.54468,                 1.0441,                0.59288,                0.45676,                0.47607,                0.28987,                 1.6567,                 2.2943,                 2.0787,             9.9125e-05,             9.9125e-05,             9.9125e-05
                    188,                0.52201,                0.56308,                 1.0504,                0.57297,                0.43545,                0.46685,                0.28796,                  1.664,                 2.3998,                 2.0742,             9.2937e-05,             9.2937e-05,             9.2937e-05
                    189,                0.52365,                0.56042,                 1.0419,                0.55041,                 0.4258,                0.45456,                0.28117,                 1.7223,                 2.4831,                 2.1235,              8.675e-05,              8.675e-05,              8.675e-05
                    190,                0.52601,                0.58469,                 1.0556,                0.57536,                0.44342,                0.46037,                 0.2772,                 1.7169,                 2.4896,                 2.1222,             8.0563e-05,             8.0563e-05,             8.0563e-05
                    191,                0.41937,                0.44131,                0.94049,                0.55695,                0.42357,                0.44107,                0.27141,                 1.6655,                 2.3551,                 2.0814,             7.4375e-05,             7.4375e-05,             7.4375e-05
                    192,                0.41159,                0.43008,                0.95416,                 0.5311,                 0.4529,                0.44474,                0.27018,                 1.6653,                 2.2836,                 2.1044,             6.8188e-05,             6.8188e-05,             6.8188e-05
                    193,                0.37688,                0.39196,                 0.9332,                0.53644,                0.42362,                0.44264,                0.27432,                 1.6508,                 2.2946,                 2.1171,                6.2e-05,                6.2e-05,                6.2e-05
                    194,                0.38554,                0.39207,                0.93424,                0.45435,                0.49884,                0.44998,                 0.2767,                 1.6758,                 2.3102,                 2.1454,             5.5813e-05,             5.5813e-05,             5.5813e-05
                    195,                0.35539,                0.34405,                0.89378,                0.53637,                0.47415,                0.45991,                 0.2742,                 1.6823,                 2.3208,                 2.1544,             4.9625e-05,             4.9625e-05,             4.9625e-05
                    196,                0.39247,                0.37993,                0.95904,                0.52642,                0.47183,                0.45396,                0.28228,                 1.6928,                 2.4345,                 2.1607,             4.3438e-05,             4.3438e-05,             4.3438e-05
                    197,                0.35926,                0.36283,                0.91068,                0.56454,                0.44675,                 0.4523,                0.27735,                 1.6955,                 2.4759,                 2.1692,              3.725e-05,              3.725e-05,              3.725e-05
                    198,                 0.3738,                0.37166,                0.93513,                0.54007,                0.48177,                0.45772,                0.28657,                 1.6657,                 2.4069,                 2.1468,             3.1063e-05,             3.1063e-05,             3.1063e-05
                    199,                0.36754,                0.35586,                0.92684,                0.54457,                0.49168,                0.45866,                0.28556,                 1.6746,                 2.3815,                 2.1471,             2.4875e-05,             2.4875e-05,             2.4875e-05
                    200,                0.35453,                0.35141,                0.90866,                0.55283,                 0.4859,                 0.4636,                0.29351,                  1.665,                 2.3528,                 2.1328,             1.8688e-05,             1.8688e-05,             1.8688e-05
